rep,replay_gen,replay_rep,max_update,best_org_fitness,best_org_id,update,evaluations,test_estimations,found_solution,pop_training_coverage,max_approx_agg_score,num_unique_selected,entropy_selected_ids,parents_training_coverage,training_coverage_loss
296,lineage_gen_36,rep_001,145,100,176,145,7300000,0,1,100,100,1,-0,100,0
296,lineage_gen_36,rep_002,164,83,2,164,8250000,0,0,100,83,260,7.7914,100,0
296,lineage_gen_36,rep_003,164,82,35,164,8250000,0,0,100,82,275,7.89464,100,0
296,lineage_gen_36,rep_004,164,86,21,164,8250000,0,0,100,86,271,7.86546,100,0
296,lineage_gen_36,rep_005,164,79,2,164,8250000,0,0,100,79,268,7.84047,100,0
296,lineage_gen_36,rep_006,164,85,3,164,8250000,0,0,100,85,281,7.83629,100,0
296,lineage_gen_36,rep_007,164,82,7,164,8250000,0,0,100,82,260,7.6923,100,0
296,lineage_gen_36,rep_008,164,79,15,164,8250000,0,0,100,79,275,7.8715,100,0
296,lineage_gen_36,rep_009,164,85,1,164,8250000,0,0,100,85,262,7.77474,100,0
296,lineage_gen_36,rep_010,164,85,13,164,8250000,0,0,100,85,270,7.82126,100,0
296,lineage_gen_36,rep_011,164,78,227,164,8250000,0,0,100,78,269,7.80124,100,0
296,lineage_gen_36,rep_012,164,89,4,164,8250000,0,0,100,89,277,7.92628,100,0
296,lineage_gen_36,rep_013,164,94,453,164,8250000,0,0,100,94,186,5.91385,100,0
296,lineage_gen_36,rep_014,164,89,1,164,8250000,0,0,100,89,263,7.78692,100,0
296,lineage_gen_36,rep_015,164,88,4,164,8250000,0,0,100,88,270,7.85195,100,0
296,lineage_gen_36,rep_016,164,89,1,164,8250000,0,0,100,89,256,7.79986,100,0
296,lineage_gen_36,rep_017,164,90,10,164,8250000,0,0,100,90,274,7.90164,100,0
296,lineage_gen_36,rep_018,164,86,4,164,8250000,0,0,100,86,272,7.8776,100,0
296,lineage_gen_36,rep_019,164,90,24,164,8250000,0,0,100,90,275,7.81534,100,0
296,lineage_gen_36,rep_020,164,93,0,164,8250000,0,0,100,93,281,7.91852,100,0
296,lineage_gen_36,rep_021,164,81,13,164,8250000,0,0,100,81,247,7.52927,100,0
296,lineage_gen_36,rep_022,164,95,1,164,8250000,0,0,100,95,243,7.52804,100,0
296,lineage_gen_36,rep_023,164,82,31,164,8250000,0,0,100,82,259,7.7359,100,0
296,lineage_gen_36,rep_024,164,83,19,164,8250000,0,0,100,83,262,7.78719,100,0
296,lineage_gen_36,rep_025,164,80,76,164,8250000,0,0,100,80,263,7.81171,100,0
296,lineage_gen_36,rep_026,164,79,39,164,8250000,0,0,100,79,265,7.8218,100,0
296,lineage_gen_36,rep_027,164,94,244,164,8250000,0,0,100,94,189,5.84521,100,0
296,lineage_gen_36,rep_028,164,78,78,164,8250000,0,0,100,78,277,7.88383,100,0
296,lineage_gen_36,rep_029,164,90,1,164,8250000,0,0,100,90,280,7.94589,100,0
296,lineage_gen_36,rep_030,164,80,4,164,8250000,0,0,100,80,264,7.81496,100,0
296,lineage_gen_36,rep_031,164,86,24,164,8250000,0,0,100,86,267,7.86743,100,0
296,lineage_gen_36,rep_032,164,86,11,164,8250000,0,0,100,86,271,7.88341,100,0
296,lineage_gen_36,rep_033,164,82,5,164,8250000,0,0,100,82,271,7.86479,100,0
296,lineage_gen_36,rep_034,164,81,0,164,8250000,0,0,100,81,260,7.76323,100,0
296,lineage_gen_36,rep_035,164,85,3,164,8250000,0,0,100,85,271,7.88879,100,0
296,lineage_gen_36,rep_036,164,78,10,164,8250000,0,0,100,78,253,7.70028,100,0
296,lineage_gen_36,rep_037,164,79,6,164,8250000,0,0,100,79,279,7.90784,100,0
296,lineage_gen_36,rep_038,164,88,0,164,8250000,0,0,100,88,288,7.98208,100,0
296,lineage_gen_36,rep_039,164,81,18,164,8250000,0,0,100,81,260,7.74613,100,0
296,lineage_gen_36,rep_040,164,78,54,164,8250000,0,0,100,78,249,7.62875,100,0
296,lineage_gen_36,rep_041,164,79,48,164,8250000,0,0,100,79,262,7.78618,100,0
296,lineage_gen_36,rep_042,164,88,23,164,8250000,0,0,100,88,259,7.7794,100,0
296,lineage_gen_36,rep_043,164,79,14,164,8250000,0,0,100,79,282,7.92818,100,0
296,lineage_gen_36,rep_044,164,84,5,164,8250000,0,0,100,84,276,7.86258,100,0
296,lineage_gen_36,rep_045,164,86,455,164,8250000,0,0,100,86,244,7.29267,100,0
296,lineage_gen_36,rep_046,164,82,6,164,8250000,0,0,100,82,264,7.81576,100,0
296,lineage_gen_36,rep_047,164,85,0,164,8250000,0,0,100,85,268,7.82648,100,0
296,lineage_gen_36,rep_048,164,80,16,164,8250000,0,0,100,80,273,7.85447,100,0
296,lineage_gen_36,rep_049,164,88,5,164,8250000,0,0,100,88,255,7.77759,100,0
296,lineage_gen_36,rep_050,164,78,2,164,8250000,0,0,100,78,271,7.83721,100,0
296,lineage_gen_36,rep_051,164,98,4,164,8250000,0,0,100,98,236,7.64247,100,0
296,lineage_gen_36,rep_052,164,85,6,164,8250000,0,0,100,85,274,7.84825,100,0
296,lineage_gen_36,rep_053,164,90,16,164,8250000,0,0,100,90,276,7.91696,100,0
296,lineage_gen_36,rep_054,164,85,11,164,8250000,0,0,100,85,251,7.7034,100,0
296,lineage_gen_36,rep_055,164,90,1,164,8250000,0,0,100,90,267,7.86215,100,0
296,lineage_gen_36,rep_056,164,78,30,164,8250000,0,0,100,78,268,7.78558,100,0
296,lineage_gen_36,rep_057,164,87,4,164,8250000,0,0,100,87,289,7.86508,100,0
296,lineage_gen_36,rep_058,164,86,13,164,8250000,0,0,100,86,270,7.75529,100,0
296,lineage_gen_36,rep_059,164,87,5,164,8250000,0,0,100,87,268,7.78123,100,0
296,lineage_gen_36,rep_060,164,80,3,164,8250000,0,0,100,80,273,7.81497,100,0
296,lineage_gen_36,rep_061,164,81,17,164,8250000,0,0,100,81,270,7.72057,100,0
296,lineage_gen_36,rep_062,164,80,6,164,8250000,0,0,100,80,260,7.74544,100,0
296,lineage_gen_36,rep_063,164,93,1,164,8250000,0,0,100,93,251,7.34444,100,0
296,lineage_gen_36,rep_064,164,81,92,164,8250000,0,0,100,81,268,7.80272,100,0
296,lineage_gen_36,rep_065,164,100,1,164,8250000,0,0,100,100,284,7.97641,100,0
296,lineage_gen_36,rep_066,164,85,2,164,8250000,0,0,100,85,256,7.75192,100,0
296,lineage_gen_36,rep_067,164,94,11,164,8250000,0,0,100,94,259,7.73572,100,0
296,lineage_gen_36,rep_068,164,89,1,164,8250000,0,0,100,89,271,7.8388,100,0
296,lineage_gen_36,rep_069,164,87,4,164,8250000,0,0,100,87,288,8.00956,100,0
296,lineage_gen_36,rep_070,164,82,12,164,8250000,0,0,100,82,280,7.9213,100,0
296,lineage_gen_36,rep_071,164,86,7,164,8250000,0,0,100,86,270,7.81987,100,0
296,lineage_gen_36,rep_072,164,78,74,164,8250000,0,0,100,78,259,7.71519,100,0
296,lineage_gen_36,rep_073,164,85,2,164,8250000,0,0,100,85,256,7.75697,100,0
296,lineage_gen_36,rep_074,164,80,41,164,8250000,0,0,100,80,282,7.93946,100,0
296,lineage_gen_36,rep_075,164,82,17,164,8250000,0,0,100,82,266,7.76631,100,0
296,lineage_gen_36,rep_076,164,80,24,164,8250000,0,0,100,80,271,7.86929,100,0
296,lineage_gen_36,rep_077,164,87,0,164,8250000,0,0,100,87,275,7.89839,100,0
296,lineage_gen_36,rep_078,164,85,16,164,8250000,0,0,100,85,275,7.89073,100,0
296,lineage_gen_36,rep_079,164,87,0,164,8250000,0,0,100,87,275,7.93034,100,0
296,lineage_gen_36,rep_080,164,86,57,164,8250000,0,0,100,86,255,7.5815,100,0
296,lineage_gen_36,rep_081,164,86,0,164,8250000,0,0,100,86,281,7.91775,100,0
296,lineage_gen_36,rep_082,164,80,46,164,8250000,0,0,100,80,267,7.82307,100,0
296,lineage_gen_36,rep_083,164,87,2,164,8250000,0,0,100,87,298,8.03561,100,0
296,lineage_gen_36,rep_084,164,92,145,164,8250000,0,0,100,92,217,6.84251,100,0
296,lineage_gen_36,rep_085,164,89,4,164,8250000,0,0,100,89,225,7.07795,100,0
296,lineage_gen_36,rep_086,164,80,10,164,8250000,0,0,100,80,272,7.82164,100,0
296,lineage_gen_36,rep_087,164,85,0,164,8250000,0,0,100,85,257,7.72507,100,0
296,lineage_gen_36,rep_088,164,91,0,164,8250000,0,0,100,91,247,7.3885,100,0
296,lineage_gen_36,rep_089,164,93,0,164,8250000,0,0,100,93,246,7.72919,100,0
296,lineage_gen_36,rep_090,164,94,6,164,8250000,0,0,100,94,241,7.45374,100,0
296,lineage_gen_36,rep_091,164,79,47,164,8250000,0,0,100,79,252,7.71315,100,0
296,lineage_gen_36,rep_092,164,83,19,164,8250000,0,0,100,83,256,7.64764,100,0
296,lineage_gen_36,rep_093,164,79,0,164,8250000,0,0,100,79,266,7.80055,100,0
296,lineage_gen_36,rep_094,164,80,43,164,8250000,0,0,100,80,267,7.83571,100,0
296,lineage_gen_36,rep_095,164,81,16,164,8250000,0,0,100,81,242,7.66105,100,0
296,lineage_gen_36,rep_096,164,80,36,164,8250000,0,0,100,80,273,7.85951,100,0
296,lineage_gen_36,rep_097,164,85,4,164,8250000,0,0,100,85,252,7.62525,100,0
296,lineage_gen_36,rep_098,164,80,37,164,8250000,0,0,100,80,272,7.84909,100,0
296,lineage_gen_36,rep_099,164,79,11,164,8250000,0,0,100,79,253,7.76821,100,0
296,lineage_gen_36,rep_100,164,78,27,164,8250000,0,0,100,78,251,7.73888,100,0
296,lineage_gen_37,rep_001,163,86,5,163,8200000,0,0,100,86,248,7.56151,100,0
296,lineage_gen_37,rep_002,163,85,3,163,8200000,0,0,100,85,275,7.87754,100,0
296,lineage_gen_37,rep_003,163,82,18,163,8200000,0,0,100,82,259,7.6001,100,0
296,lineage_gen_37,rep_004,137,100,290,137,6900000,0,1,100,100,1,-0,100,0
296,lineage_gen_37,rep_005,163,85,0,163,8200000,0,0,100,85,262,7.75183,100,0
296,lineage_gen_37,rep_006,163,90,72,163,8200000,0,0,100,90,257,7.7621,100,0
296,lineage_gen_37,rep_007,163,84,16,163,8200000,0,0,100,84,265,7.76901,100,0
296,lineage_gen_37,rep_008,163,85,25,163,8200000,0,0,100,85,276,7.86052,100,0
296,lineage_gen_37,rep_009,163,91,3,163,8200000,0,0,100,91,262,7.53655,100,0
296,lineage_gen_37,rep_010,163,79,33,163,8200000,0,0,100,79,260,7.77738,100,0
296,lineage_gen_37,rep_011,163,81,1,163,8200000,0,0,100,81,256,7.73338,100,0
296,lineage_gen_37,rep_012,163,80,9,163,8200000,0,0,100,80,271,7.86681,100,0
296,lineage_gen_37,rep_013,163,83,11,163,8200000,0,0,100,83,264,7.79515,100,0
296,lineage_gen_37,rep_014,163,82,24,163,8200000,0,0,100,82,237,7.54627,100,0
296,lineage_gen_37,rep_015,163,89,17,163,8200000,0,0,100,89,252,7.65451,100,0
296,lineage_gen_37,rep_016,163,82,10,163,8200000,0,0,100,82,259,7.78053,100,0
296,lineage_gen_37,rep_017,163,81,11,163,8200000,0,0,100,81,263,7.84686,100,0
296,lineage_gen_37,rep_018,163,91,6,163,8200000,0,0,100,91,286,7.95944,100,0
296,lineage_gen_37,rep_019,163,80,12,163,8200000,0,0,100,80,270,7.82558,100,0
296,lineage_gen_37,rep_020,163,93,0,163,8200000,0,0,100,93,284,7.96328,100,0
296,lineage_gen_37,rep_021,163,82,27,163,8200000,0,0,100,82,263,7.77308,100,0
296,lineage_gen_37,rep_022,163,89,16,163,8200000,0,0,100,89,267,7.83661,100,0
296,lineage_gen_37,rep_023,163,95,1,163,8200000,0,0,100,95,280,7.92203,100,0
296,lineage_gen_37,rep_024,163,80,293,163,8200000,0,0,100,80,258,7.73463,100,0
296,lineage_gen_37,rep_025,163,81,22,163,8200000,0,0,100,81,252,7.67877,100,0
296,lineage_gen_37,rep_026,163,93,0,163,8200000,0,0,100,93,284,7.93926,100,0
296,lineage_gen_37,rep_027,163,80,10,163,8200000,0,0,100,80,279,7.8848,100,0
296,lineage_gen_37,rep_028,163,81,30,163,8200000,0,0,100,81,260,7.74997,100,0
296,lineage_gen_37,rep_029,120,100,182,120,6050000,0,1,100,100,2,0.999711,100,0
296,lineage_gen_37,rep_030,163,93,17,163,8200000,0,0,100,93,253,7.66041,100,0
296,lineage_gen_37,rep_031,163,80,407,163,8200000,0,0,100,80,262,7.65227,100,0
296,lineage_gen_37,rep_032,163,80,2,163,8200000,0,0,100,80,261,7.73124,100,0
296,lineage_gen_37,rep_033,163,81,38,163,8200000,0,0,100,81,250,7.69365,100,0
296,lineage_gen_37,rep_034,163,94,156,163,8200000,0,0,100,94,224,6.82475,100,0
296,lineage_gen_37,rep_035,163,80,17,163,8200000,0,0,100,80,240,7.63792,100,0
296,lineage_gen_37,rep_036,163,89,0,163,8200000,0,0,100,89,281,7.91668,100,0
296,lineage_gen_37,rep_037,163,83,33,163,8200000,0,0,100,83,251,7.72433,100,0
296,lineage_gen_37,rep_038,163,85,2,163,8200000,0,0,100,85,280,7.91187,100,0
296,lineage_gen_37,rep_039,163,80,68,163,8200000,0,0,100,80,264,7.78709,100,0
296,lineage_gen_37,rep_040,163,84,6,163,8200000,0,0,100,84,271,7.80189,100,0
296,lineage_gen_37,rep_041,163,78,11,163,8200000,0,0,100,78,268,7.83621,100,0
296,lineage_gen_37,rep_042,163,81,45,163,8200000,0,0,100,81,253,7.7323,100,0
296,lineage_gen_37,rep_043,163,91,0,163,8200000,0,0,100,91,281,7.9383,100,0
296,lineage_gen_37,rep_044,163,85,0,163,8200000,0,0,100,85,270,7.79281,100,0
296,lineage_gen_37,rep_045,163,81,0,163,8200000,0,0,100,81,266,7.7936,100,0
296,lineage_gen_37,rep_046,163,89,10,163,8200000,0,0,100,89,274,7.88832,100,0
296,lineage_gen_37,rep_047,163,87,0,163,8200000,0,0,100,87,285,7.97582,100,0
296,lineage_gen_37,rep_048,163,85,2,163,8200000,0,0,100,85,252,7.74383,100,0
296,lineage_gen_37,rep_049,163,81,13,163,8200000,0,0,100,81,275,7.85535,100,0
296,lineage_gen_37,rep_050,163,90,0,163,8200000,0,0,100,90,258,7.60439,100,0
296,lineage_gen_37,rep_051,163,93,0,163,8200000,0,0,100,93,273,7.86424,100,0
296,lineage_gen_37,rep_052,163,81,165,163,8200000,0,0,100,81,249,7.70651,100,0
296,lineage_gen_37,rep_053,163,88,11,163,8200000,0,0,100,88,269,7.86513,100,0
296,lineage_gen_37,rep_054,163,80,55,163,8200000,0,0,100,80,252,7.7422,100,0
296,lineage_gen_37,rep_055,163,80,16,163,8200000,0,0,100,80,266,7.793,100,0
296,lineage_gen_37,rep_056,163,88,0,163,8200000,0,0,100,88,238,7.19571,100,0
296,lineage_gen_37,rep_057,163,85,6,163,8200000,0,0,100,85,275,7.86572,100,0
296,lineage_gen_37,rep_058,163,97,0,163,8200000,0,0,100,97,273,7.91868,100,0
296,lineage_gen_37,rep_059,163,82,91,163,8200000,0,0,100,82,259,7.76968,100,0
296,lineage_gen_37,rep_060,163,81,46,163,8200000,0,0,100,81,250,7.72165,100,0
296,lineage_gen_37,rep_061,163,87,20,163,8200000,0,0,100,87,267,7.77859,100,0
296,lineage_gen_37,rep_062,163,87,19,163,8200000,0,0,100,87,261,7.79142,100,0
296,lineage_gen_37,rep_063,163,81,96,163,8200000,0,0,100,81,274,7.87946,100,0
296,lineage_gen_37,rep_064,163,82,10,163,8200000,0,0,100,82,247,7.67018,100,0
296,lineage_gen_37,rep_065,163,79,58,163,8200000,0,0,100,79,258,7.74564,100,0
296,lineage_gen_37,rep_066,163,81,54,163,8200000,0,0,100,81,260,7.76216,100,0
296,lineage_gen_37,rep_067,163,90,2,163,8200000,0,0,100,90,282,7.93999,100,0
296,lineage_gen_37,rep_068,163,85,4,163,8200000,0,0,100,85,274,7.84649,100,0
296,lineage_gen_37,rep_069,163,87,1,163,8200000,0,0,100,87,240,7.64622,100,0
296,lineage_gen_37,rep_070,163,95,2,163,8200000,0,0,100,95,279,7.9179,100,0
296,lineage_gen_37,rep_071,163,81,1,163,8200000,0,0,100,81,270,7.84014,100,0
296,lineage_gen_37,rep_072,163,83,4,163,8200000,0,0,100,83,241,7.63573,100,0
296,lineage_gen_37,rep_073,163,80,3,163,8200000,0,0,100,80,255,7.75181,100,0
296,lineage_gen_37,rep_074,163,82,26,163,8200000,0,0,100,82,259,7.78898,100,0
296,lineage_gen_37,rep_075,163,90,5,163,8200000,0,0,100,90,257,7.70351,100,0
296,lineage_gen_37,rep_076,163,83,120,163,8200000,0,0,100,83,240,7.55552,100,0
296,lineage_gen_37,rep_077,163,83,27,163,8200000,0,0,100,83,273,7.82531,100,0
296,lineage_gen_37,rep_078,163,85,30,163,8200000,0,0,100,85,245,7.6732,100,0
296,lineage_gen_37,rep_079,163,78,61,163,8200000,0,0,100,78,276,7.8562,100,0
296,lineage_gen_37,rep_080,163,85,28,163,8200000,0,0,100,85,262,7.679,100,0
296,lineage_gen_37,rep_081,163,95,1,163,8200000,0,0,100,95,270,7.88521,100,0
296,lineage_gen_37,rep_082,163,85,2,163,8200000,0,0,100,85,262,7.80379,100,0
296,lineage_gen_37,rep_083,163,82,11,163,8200000,0,0,100,82,258,7.78761,100,0
296,lineage_gen_37,rep_084,163,90,0,163,8200000,0,0,100,90,280,7.9163,100,0
296,lineage_gen_37,rep_085,163,85,1,163,8200000,0,0,100,85,276,7.87059,100,0
296,lineage_gen_37,rep_086,163,88,18,163,8200000,0,0,100,88,251,7.69164,100,0
296,lineage_gen_37,rep_087,163,81,9,163,8200000,0,0,100,81,278,7.88711,100,0
296,lineage_gen_37,rep_088,163,79,3,163,8200000,0,0,100,79,275,7.85128,100,0
296,lineage_gen_37,rep_089,163,80,11,163,8200000,0,0,100,80,272,7.85961,100,0
296,lineage_gen_37,rep_090,163,82,23,163,8200000,0,0,100,82,251,7.72395,100,0
296,lineage_gen_37,rep_091,163,88,9,163,8200000,0,0,100,88,261,7.80513,100,0
296,lineage_gen_37,rep_092,163,80,59,163,8200000,0,0,100,80,273,7.86733,100,0
296,lineage_gen_37,rep_093,163,80,66,163,8200000,0,0,100,80,256,7.76288,100,0
296,lineage_gen_37,rep_094,163,88,7,163,8200000,0,0,100,88,268,7.82834,100,0
296,lineage_gen_37,rep_095,163,78,25,163,8200000,0,0,100,78,276,7.87715,100,0
296,lineage_gen_37,rep_096,163,82,9,163,8200000,0,0,100,82,275,7.90661,100,0
296,lineage_gen_37,rep_097,163,85,3,163,8200000,0,0,100,85,262,7.7896,100,0
296,lineage_gen_37,rep_098,163,85,20,163,8200000,0,0,100,85,275,7.88804,100,0
296,lineage_gen_37,rep_099,163,88,6,163,8200000,0,0,100,88,273,7.87873,100,0
296,lineage_gen_37,rep_100,163,85,0,163,8200000,0,0,100,85,274,7.88454,100,0
296,lineage_gen_38,rep_001,162,90,0,162,8150000,0,0,100,90,261,7.82044,100,0
296,lineage_gen_38,rep_002,162,93,3,162,8150000,0,0,100,93,269,7.85501,100,0
296,lineage_gen_38,rep_003,162,99,0,162,8150000,0,0,100,99,280,7.95554,100,0
296,lineage_gen_38,rep_004,162,90,3,162,8150000,0,0,100,90,279,7.91257,100,0
296,lineage_gen_38,rep_005,162,93,3,162,8150000,0,0,100,93,284,7.97101,100,0
296,lineage_gen_38,rep_006,129,100,439,129,6500000,0,1,100,100,1,-0,100,0
296,lineage_gen_38,rep_007,162,97,10,162,8150000,0,0,100,97,224,7.43034,100,0
296,lineage_gen_38,rep_008,141,100,36,141,7100000,0,1,100,100,1,-0,100,0
296,lineage_gen_38,rep_009,162,95,14,162,8150000,0,0,100,95,257,7.7831,100,0
296,lineage_gen_38,rep_010,162,99,0,162,8150000,0,0,100,99,286,7.98044,100,0
296,lineage_gen_38,rep_011,46,100,146,46,2350000,0,1,100,100,1,-0,100,0
296,lineage_gen_38,rep_012,142,100,161,142,7150000,0,1,100,100,2,0.998846,100,0
296,lineage_gen_38,rep_013,59,100,21,59,3000000,0,1,100,100,5,2.30661,100,0
296,lineage_gen_38,rep_014,40,100,70,40,2050000,0,1,100,100,1,-0,100,0
296,lineage_gen_38,rep_015,37,100,75,37,1900000,0,1,100,100,4,1.99026,100,0
296,lineage_gen_38,rep_016,162,93,1,162,8150000,0,0,100,93,247,7.49986,100,0
296,lineage_gen_38,rep_017,83,100,487,83,4200000,0,1,100,100,1,-0,100,0
296,lineage_gen_38,rep_018,145,100,74,145,7300000,0,1,100,100,1,-0,100,0
296,lineage_gen_38,rep_019,162,93,1,162,8150000,0,0,100,93,250,7.71731,100,0
296,lineage_gen_38,rep_020,162,91,5,162,8150000,0,0,100,91,263,7.78656,100,0
296,lineage_gen_38,rep_021,162,95,13,162,8150000,0,0,100,95,274,7.89686,100,0
296,lineage_gen_38,rep_022,75,100,196,75,3800000,0,1,100,100,1,-0,100,0
296,lineage_gen_38,rep_023,162,95,3,162,8150000,0,0,100,95,303,8.06074,100,0
296,lineage_gen_38,rep_024,162,93,0,162,8150000,0,0,100,93,269,7.8499,100,0
296,lineage_gen_38,rep_025,162,90,1,162,8150000,0,0,100,90,264,7.83162,100,0
296,lineage_gen_38,rep_026,162,87,11,162,8150000,0,0,100,87,288,7.99238,100,0
296,lineage_gen_38,rep_027,96,100,176,96,4850000,0,1,100,100,1,-0,100,0
296,lineage_gen_38,rep_028,162,93,3,162,8150000,0,0,100,93,277,7.92223,100,0
296,lineage_gen_38,rep_029,139,100,221,139,7000000,0,1,100,100,279,7.9375,100,0
296,lineage_gen_38,rep_030,69,100,153,69,3500000,0,1,100,100,1,-0,100,0
296,lineage_gen_38,rep_031,54,100,60,54,2750000,0,1,100,100,1,-0,100,0
296,lineage_gen_38,rep_032,65,100,290,65,3300000,0,1,100,100,1,-0,100,0
296,lineage_gen_38,rep_033,93,100,133,93,4700000,0,1,100,100,1,-0,100,0
296,lineage_gen_38,rep_034,162,98,416,162,8150000,0,0,100,98,191,5.33953,100,0
296,lineage_gen_38,rep_035,116,100,469,116,5850000,0,1,100,100,1,-0,100,0
296,lineage_gen_38,rep_036,162,90,6,162,8150000,0,0,100,90,272,7.89028,100,0
296,lineage_gen_38,rep_037,71,100,453,71,3600000,0,1,100,100,275,7.92432,100,0
296,lineage_gen_38,rep_038,21,100,127,21,1100000,0,1,100,100,2,0.999065,100,0
296,lineage_gen_38,rep_039,162,94,38,162,8150000,0,0,100,94,221,6.7253,100,0
296,lineage_gen_38,rep_040,162,99,0,162,8150000,0,0,100,99,275,7.9131,100,0
296,lineage_gen_38,rep_041,162,98,1,162,8150000,0,0,100,98,276,7.91965,100,0
296,lineage_gen_38,rep_042,162,94,0,162,8150000,0,0,100,94,284,7.96688,100,0
296,lineage_gen_38,rep_043,49,100,31,49,2500000,0,1,100,100,9,3.16112,100,0
296,lineage_gen_38,rep_044,129,100,14,129,6500000,0,1,100,100,1,-0,100,0
296,lineage_gen_38,rep_045,162,98,2,162,8150000,0,0,100,98,287,7.97357,100,0
296,lineage_gen_38,rep_046,162,89,3,162,8150000,0,0,100,89,270,7.88097,100,0
296,lineage_gen_38,rep_047,26,100,413,26,1350000,0,1,100,100,1,-0,100,0
296,lineage_gen_38,rep_048,162,93,0,162,8150000,0,0,100,93,270,7.89742,100,0
296,lineage_gen_38,rep_049,113,100,351,113,5700000,0,1,100,100,1,-0,100,0
296,lineage_gen_38,rep_050,162,94,3,162,8150000,0,0,100,94,271,7.88082,100,0
296,lineage_gen_38,rep_051,162,93,5,162,8150000,0,0,100,93,271,7.90092,100,0
296,lineage_gen_38,rep_052,22,100,146,22,1150000,0,1,100,100,2,0.999584,100,0
296,lineage_gen_38,rep_053,162,96,1,162,8150000,0,0,100,96,268,7.7873,100,0
296,lineage_gen_38,rep_054,148,100,290,148,7450000,0,1,100,100,1,-0,100,0
296,lineage_gen_38,rep_055,162,93,0,162,8150000,0,0,100,93,279,7.93272,100,0
296,lineage_gen_38,rep_056,14,100,127,14,750000,0,1,100,100,3,1.58083,100,0
296,lineage_gen_38,rep_057,119,100,439,119,6000000,0,1,100,100,272,7.89207,100,0
296,lineage_gen_38,rep_058,162,95,12,162,8150000,0,0,100,95,264,7.80102,100,0
296,lineage_gen_38,rep_059,48,100,393,48,2450000,0,1,100,100,1,-0,100,0
296,lineage_gen_38,rep_060,98,100,64,98,4950000,0,1,100,100,288,7.97316,100,0
296,lineage_gen_38,rep_061,55,100,460,55,2800000,0,1,100,100,1,-0,100,0
296,lineage_gen_38,rep_062,162,96,3,162,8150000,0,0,100,96,252,7.75101,100,0
296,lineage_gen_38,rep_063,162,92,2,162,8150000,0,0,100,92,277,7.93056,100,0
296,lineage_gen_38,rep_064,82,100,372,82,4150000,0,1,100,100,274,7.9141,100,0
296,lineage_gen_38,rep_065,162,91,2,162,8150000,0,0,100,91,283,7.9385,100,0
296,lineage_gen_38,rep_066,162,94,0,162,8150000,0,0,100,94,281,7.9213,100,0
296,lineage_gen_38,rep_067,140,100,4,140,7050000,0,1,100,100,1,-0,100,0
296,lineage_gen_38,rep_068,162,100,0,162,8150000,0,0,100,100,272,7.89276,100,0
296,lineage_gen_38,rep_069,162,99,1,162,8150000,0,0,100,99,283,7.96308,100,0
296,lineage_gen_38,rep_070,162,93,0,162,8150000,0,0,100,93,265,7.84364,100,0
296,lineage_gen_38,rep_071,162,100,0,162,8150000,0,0,100,100,283,7.96781,100,0
296,lineage_gen_38,rep_072,162,94,385,162,8150000,0,0,100,94,229,7.18539,100,0
296,lineage_gen_38,rep_073,162,93,7,162,8150000,0,0,100,93,270,7.88925,100,0
296,lineage_gen_38,rep_074,26,100,168,26,1350000,0,1,100,100,3,1.58438,100,0
296,lineage_gen_38,rep_075,100,100,4,100,5050000,0,1,100,100,1,-0,100,0
296,lineage_gen_38,rep_076,162,90,0,162,8150000,0,0,100,90,256,7.75323,100,0
296,lineage_gen_38,rep_077,162,96,13,162,8150000,0,0,100,96,258,7.79106,100,0
296,lineage_gen_38,rep_078,162,95,2,162,8150000,0,0,100,95,268,7.87415,100,0
296,lineage_gen_38,rep_079,113,100,349,113,5700000,0,1,100,100,1,-0,100,0
296,lineage_gen_38,rep_080,162,91,10,162,8150000,0,0,100,91,261,7.80568,100,0
296,lineage_gen_38,rep_081,146,100,448,146,7350000,0,1,100,100,290,7.97626,100,0
296,lineage_gen_38,rep_082,162,96,1,162,8150000,0,0,100,96,273,7.90117,100,0
296,lineage_gen_38,rep_083,162,93,2,162,8150000,0,0,100,93,279,7.93587,100,0
296,lineage_gen_38,rep_084,162,98,0,162,8150000,0,0,100,98,252,7.64712,100,0
296,lineage_gen_38,rep_085,162,92,0,162,8150000,0,0,100,92,273,7.77886,100,0
296,lineage_gen_38,rep_086,98,100,366,98,4950000,0,1,100,100,1,-0,100,0
296,lineage_gen_38,rep_087,162,94,4,162,8150000,0,0,100,94,268,7.8146,100,0
296,lineage_gen_38,rep_088,162,92,6,162,8150000,0,0,100,92,276,7.90937,100,0
296,lineage_gen_38,rep_089,162,95,15,162,8150000,0,0,100,95,274,7.87599,100,0
296,lineage_gen_38,rep_090,128,100,239,128,6450000,0,1,100,100,1,-0,100,0
296,lineage_gen_38,rep_091,162,93,3,162,8150000,0,0,100,93,270,7.8717,100,0
296,lineage_gen_38,rep_092,162,99,0,162,8150000,0,0,100,99,279,7.94754,100,0
296,lineage_gen_38,rep_093,133,100,187,133,6700000,0,1,100,100,1,-0,100,0
296,lineage_gen_38,rep_094,126,100,163,126,6350000,0,1,100,100,1,-0,100,0
296,lineage_gen_38,rep_095,156,100,225,156,7850000,0,1,100,100,2,0.997043,100,0
296,lineage_gen_38,rep_096,162,99,0,162,8150000,0,0,100,99,283,7.99621,100,0
296,lineage_gen_38,rep_097,99,100,50,99,5000000,0,1,100,100,1,-0,100,0
296,lineage_gen_38,rep_098,63,100,225,63,3200000,0,1,100,100,3,1.58332,100,0
296,lineage_gen_38,rep_099,162,92,2,162,8150000,0,0,100,92,282,7.94326,100,0
296,lineage_gen_38,rep_100,89,100,325,89,4500000,0,1,100,100,1,-0,100,0
296,lineage_gen_40,rep_001,160,100,168,160,8050000,0,1,100,100,1,-0,100,0
296,lineage_gen_40,rep_002,160,100,1,160,8050000,0,0,100,100,278,7.93357,100,0
296,lineage_gen_40,rep_003,160,97,0,160,8050000,0,0,100,97,232,6.93143,100,0
296,lineage_gen_40,rep_004,160,93,0,160,8050000,0,0,100,93,259,7.77286,100,0
296,lineage_gen_40,rep_005,32,100,461,32,1650000,0,1,100,100,1,-0,100,0
296,lineage_gen_40,rep_006,160,93,7,160,8050000,0,0,100,93,245,7.48306,100,0
296,lineage_gen_40,rep_007,86,100,282,86,4350000,0,1,100,100,260,7.82354,100,0
296,lineage_gen_40,rep_008,89,100,70,89,4500000,0,1,100,100,1,-0,100,0
296,lineage_gen_40,rep_009,160,93,0,160,8050000,0,0,100,93,265,7.84059,100,0
296,lineage_gen_40,rep_010,160,90,0,160,8050000,0,0,100,90,278,7.93003,100,0
296,lineage_gen_40,rep_011,38,100,284,38,1950000,0,1,100,100,1,-0,100,0
296,lineage_gen_40,rep_012,160,96,1,160,8050000,0,0,100,96,283,7.94207,100,0
296,lineage_gen_40,rep_013,108,100,28,108,5450000,0,1,100,100,4,1.99757,100,0
296,lineage_gen_40,rep_014,160,92,56,160,8050000,0,0,100,92,257,7.69616,100,0
296,lineage_gen_40,rep_015,36,100,100,36,1850000,0,1,100,100,1,-0,100,0
296,lineage_gen_40,rep_016,160,93,3,160,8050000,0,0,100,93,295,8.02263,100,0
296,lineage_gen_40,rep_017,160,92,0,160,8050000,0,0,100,92,276,7.90302,100,0
296,lineage_gen_40,rep_018,64,100,155,64,3250000,0,1,100,100,1,-0,100,0
296,lineage_gen_40,rep_019,110,100,224,110,5550000,0,1,100,100,1,-0,100,0
296,lineage_gen_40,rep_020,110,100,171,110,5550000,0,1,100,100,258,7.81815,100,0
296,lineage_gen_40,rep_021,70,100,56,70,3550000,0,1,100,100,1,-0,100,0
296,lineage_gen_40,rep_022,160,93,1,160,8050000,0,0,100,93,268,7.8651,100,0
296,lineage_gen_40,rep_023,160,96,5,160,8050000,0,0,100,96,266,7.85854,100,0
296,lineage_gen_40,rep_024,110,100,487,110,5550000,0,1,100,100,1,-0,100,0
296,lineage_gen_40,rep_025,44,100,482,44,2250000,0,1,100,100,1,-0,100,0
296,lineage_gen_40,rep_026,160,93,7,160,8050000,0,0,100,93,258,7.81569,100,0
296,lineage_gen_40,rep_027,160,100,0,160,8050000,0,0,100,100,254,7.78437,100,0
296,lineage_gen_40,rep_028,123,100,37,123,6200000,0,1,100,100,1,-0,100,0
296,lineage_gen_40,rep_029,52,100,466,52,2650000,0,1,100,100,1,-0,100,0
296,lineage_gen_40,rep_030,160,90,4,160,8050000,0,0,100,90,242,7.71227,100,0
296,lineage_gen_40,rep_031,160,93,2,160,8050000,0,0,100,93,274,7.89802,100,0
296,lineage_gen_40,rep_032,160,97,4,160,8050000,0,0,100,97,248,7.7729,100,0
296,lineage_gen_40,rep_033,160,99,0,160,8050000,0,0,100,99,294,8.04341,100,0
296,lineage_gen_40,rep_034,99,100,184,99,5000000,0,1,100,100,1,-0,100,0
296,lineage_gen_40,rep_035,108,100,148,108,5450000,0,1,100,100,1,-0,100,0
296,lineage_gen_40,rep_036,160,97,0,160,8050000,0,0,100,97,251,7.75227,100,0
296,lineage_gen_40,rep_037,33,100,125,33,1700000,0,1,100,100,1,-0,100,0
296,lineage_gen_40,rep_038,92,100,350,92,4650000,0,1,100,100,1,-0,100,0
296,lineage_gen_40,rep_039,160,95,3,160,8050000,0,0,100,95,260,7.81934,100,0
296,lineage_gen_40,rep_040,21,100,26,21,1100000,0,1,100,100,9,3.16297,100,0
296,lineage_gen_40,rep_041,160,94,6,160,8050000,0,0,100,94,265,7.83066,100,0
296,lineage_gen_40,rep_042,21,100,294,21,1100000,0,1,100,100,1,-0,100,0
296,lineage_gen_40,rep_043,104,100,309,104,5250000,0,1,100,100,1,-0,100,0
296,lineage_gen_40,rep_044,160,94,0,160,8050000,0,0,100,94,267,7.7945,100,0
296,lineage_gen_40,rep_045,60,100,470,60,3050000,0,1,100,100,1,-0,100,0
296,lineage_gen_40,rep_046,70,100,240,70,3550000,0,1,100,100,1,-0,100,0
296,lineage_gen_40,rep_047,160,95,3,160,8050000,0,0,100,95,296,8.01888,100,0
296,lineage_gen_40,rep_048,70,100,121,70,3550000,0,1,100,100,3,1.58265,100,0
296,lineage_gen_40,rep_049,160,100,4,160,8050000,0,0,100,100,230,7.65346,100,0
296,lineage_gen_40,rep_050,64,100,116,64,3250000,0,1,100,100,1,-0,100,0
296,lineage_gen_40,rep_051,160,82,16,160,8050000,0,0,100,82,278,7.84775,100,0
296,lineage_gen_40,rep_052,160,93,0,160,8050000,0,0,100,93,276,7.93068,100,0
296,lineage_gen_40,rep_053,124,100,225,124,6250000,0,1,100,100,265,7.86346,100,0
296,lineage_gen_40,rep_054,145,100,69,145,7300000,0,1,100,100,9,3.15539,100,0
296,lineage_gen_40,rep_055,160,91,25,160,8050000,0,0,100,91,255,7.75738,100,0
296,lineage_gen_40,rep_056,160,89,14,160,8050000,0,0,100,89,273,7.89587,100,0
296,lineage_gen_40,rep_057,103,100,256,103,5200000,0,1,100,100,307,8.10217,100,0
296,lineage_gen_40,rep_058,160,93,0,160,8050000,0,0,100,93,275,7.90346,100,0
296,lineage_gen_40,rep_059,160,91,3,160,8050000,0,0,100,91,274,7.92754,100,0
296,lineage_gen_40,rep_060,85,100,146,85,4300000,0,1,100,100,7,2.80363,100,0
296,lineage_gen_40,rep_061,160,95,1,160,8050000,0,0,100,95,272,7.88525,100,0
296,lineage_gen_40,rep_062,160,98,3,160,8050000,0,0,100,98,261,7.7907,100,0
296,lineage_gen_40,rep_063,156,100,474,156,7850000,0,1,100,100,1,-0,100,0
296,lineage_gen_40,rep_064,160,96,0,160,8050000,0,0,100,96,275,7.92072,100,0
296,lineage_gen_40,rep_065,23,100,203,23,1200000,0,1,100,100,1,-0,100,0
296,lineage_gen_40,rep_066,159,100,325,159,8000000,0,1,100,100,3,1.58391,100,0
296,lineage_gen_40,rep_067,160,97,10,160,8050000,0,0,100,97,252,7.77103,100,0
296,lineage_gen_40,rep_068,160,100,0,160,8050000,0,0,100,100,273,7.92021,100,0
296,lineage_gen_40,rep_069,97,100,166,97,4900000,0,1,100,100,2,0.998603,100,0
296,lineage_gen_40,rep_070,91,100,372,91,4600000,0,1,100,100,1,-0,100,0
296,lineage_gen_40,rep_071,160,94,8,160,8050000,0,0,100,94,257,7.76189,100,0
296,lineage_gen_40,rep_072,160,94,6,160,8050000,0,0,100,94,281,7.93999,100,0
296,lineage_gen_40,rep_073,160,94,1,160,8050000,0,0,100,94,275,7.93495,100,0
296,lineage_gen_40,rep_074,33,100,260,33,1700000,0,1,100,100,1,-0,100,0
296,lineage_gen_40,rep_075,160,95,0,160,8050000,0,0,100,95,289,7.96467,100,0
296,lineage_gen_40,rep_076,160,91,26,160,8050000,0,0,100,91,275,7.90225,100,0
296,lineage_gen_40,rep_077,58,100,348,58,2950000,0,1,100,100,1,-0,100,0
296,lineage_gen_40,rep_078,111,100,373,111,5600000,0,1,100,100,1,-0,100,0
296,lineage_gen_40,rep_079,160,99,4,160,8050000,0,0,100,99,269,7.87395,100,0
296,lineage_gen_40,rep_080,160,88,4,160,8050000,0,0,100,88,273,7.82287,100,0
296,lineage_gen_40,rep_081,155,100,452,155,7800000,0,1,100,100,1,-0,100,0
296,lineage_gen_40,rep_082,14,100,291,14,750000,0,1,100,100,1,-0,100,0
296,lineage_gen_40,rep_083,123,100,39,123,6200000,0,1,100,100,5,2.31668,100,0
296,lineage_gen_40,rep_084,160,97,0,160,8050000,0,0,100,97,267,7.87397,100,0
296,lineage_gen_40,rep_085,58,100,6,58,2950000,0,1,100,100,1,-0,100,0
296,lineage_gen_40,rep_086,60,100,466,60,3050000,0,1,100,100,1,-0,100,0
296,lineage_gen_40,rep_087,71,100,342,71,3600000,0,1,100,100,1,-0,100,0
296,lineage_gen_40,rep_088,160,94,4,160,8050000,0,0,100,94,253,7.74004,100,0
296,lineage_gen_40,rep_089,155,100,460,155,7800000,0,1,100,100,258,7.78555,100,0
296,lineage_gen_40,rep_090,53,100,263,53,2700000,0,1,100,100,1,-0,100,0
296,lineage_gen_40,rep_091,160,93,0,160,8050000,0,0,100,93,288,7.97218,100,0
296,lineage_gen_40,rep_092,160,91,0,160,8050000,0,0,100,91,254,7.77221,100,0
296,lineage_gen_40,rep_093,139,100,438,139,7000000,0,1,100,100,1,-0,100,0
296,lineage_gen_40,rep_094,133,100,434,133,6700000,0,1,100,100,1,-0,100,0
296,lineage_gen_40,rep_095,160,95,468,160,8050000,0,0,100,95,241,7.25754,100,0
296,lineage_gen_40,rep_096,160,87,11,160,8050000,0,0,100,87,274,7.91507,100,0
296,lineage_gen_40,rep_097,101,100,153,101,5100000,0,1,100,100,2,0.990932,100,0
296,lineage_gen_40,rep_098,46,100,126,46,2350000,0,1,100,100,1,-0,100,0
296,lineage_gen_40,rep_099,80,100,54,80,4050000,0,1,100,100,1,-0,100,0
296,lineage_gen_40,rep_100,160,92,6,160,8050000,0,0,100,92,230,7.57687,100,0
296,lineage_gen_41,rep_001,35,100,10,35,1800000,0,1,100,100,3,1.58206,100,0
296,lineage_gen_41,rep_002,159,91,5,159,8000000,0,0,100,91,271,7.88912,100,0
296,lineage_gen_41,rep_003,159,95,15,159,8000000,0,0,100,95,252,7.67016,100,0
296,lineage_gen_41,rep_004,72,100,144,72,3650000,0,1,100,100,285,7.95886,100,0
296,lineage_gen_41,rep_005,123,100,317,123,6200000,0,1,100,100,1,-0,100,0
296,lineage_gen_41,rep_006,134,100,127,134,6750000,0,1,100,100,271,7.88175,100,0
296,lineage_gen_41,rep_007,159,96,3,159,8000000,0,0,100,96,262,7.8319,100,0
296,lineage_gen_41,rep_008,116,100,447,116,5850000,0,1,100,100,1,-0,100,0
296,lineage_gen_41,rep_009,74,100,197,74,3750000,0,1,100,100,2,0.990932,100,0
296,lineage_gen_41,rep_010,18,100,306,18,950000,0,1,100,100,1,-0,100,0
296,lineage_gen_41,rep_011,127,100,453,127,6400000,0,1,100,100,1,-0,100,0
296,lineage_gen_41,rep_012,159,91,1,159,8000000,0,0,100,91,266,7.7891,100,0
296,lineage_gen_41,rep_013,159,93,1,159,8000000,0,0,100,93,272,7.7971,100,0
296,lineage_gen_41,rep_014,156,100,375,156,7850000,0,1,100,100,1,-0,100,0
296,lineage_gen_41,rep_015,57,100,306,57,2900000,0,1,100,100,277,7.93132,100,0
296,lineage_gen_41,rep_016,159,93,0,159,8000000,0,0,100,93,267,7.83886,100,0
296,lineage_gen_41,rep_017,62,100,92,62,3150000,0,1,100,100,2,0.997737,100,0
296,lineage_gen_41,rep_018,26,100,418,26,1350000,0,1,100,100,1,-0,100,0
296,lineage_gen_41,rep_019,66,100,161,66,3350000,0,1,100,100,1,-0,100,0
296,lineage_gen_41,rep_020,159,92,1,159,8000000,0,0,100,92,273,7.87069,100,0
296,lineage_gen_41,rep_021,75,100,145,75,3800000,0,1,100,100,1,-0,100,0
296,lineage_gen_41,rep_022,121,100,53,121,6100000,0,1,100,100,2,0.997043,100,0
296,lineage_gen_41,rep_023,159,93,0,159,8000000,0,0,100,93,261,7.80716,100,0
296,lineage_gen_41,rep_024,159,93,1,159,8000000,0,0,100,93,225,6.96466,100,0
296,lineage_gen_41,rep_025,35,100,310,35,1800000,0,1,100,100,3,1.58466,100,0
296,lineage_gen_41,rep_026,96,100,281,96,4850000,0,1,100,100,1,-0,100,0
296,lineage_gen_41,rep_027,159,93,3,159,8000000,0,0,100,93,265,7.82117,100,0
296,lineage_gen_41,rep_028,115,100,348,115,5800000,0,1,100,100,1,-0,100,0
296,lineage_gen_41,rep_029,159,97,154,159,8000000,0,0,100,97,233,7.06442,100,0
296,lineage_gen_41,rep_030,159,97,0,159,8000000,0,0,100,97,274,7.8309,100,0
296,lineage_gen_41,rep_031,66,100,29,66,3350000,0,1,100,100,4,1.99451,100,0
296,lineage_gen_41,rep_032,144,100,410,144,7250000,0,1,100,100,1,-0,100,0
296,lineage_gen_41,rep_033,159,95,1,159,8000000,0,0,100,95,287,7.98715,100,0
296,lineage_gen_41,rep_034,29,100,393,29,1500000,0,1,100,100,1,-0,100,0
296,lineage_gen_41,rep_035,20,100,11,20,1050000,0,1,100,100,1,-0,100,0
296,lineage_gen_41,rep_036,159,100,0,159,8000000,0,0,100,100,267,7.86515,100,0
296,lineage_gen_41,rep_037,159,95,0,159,8000000,0,0,100,95,267,7.86656,100,0
296,lineage_gen_41,rep_038,14,100,235,14,750000,0,1,100,100,1,-0,100,0
296,lineage_gen_41,rep_039,100,100,394,100,5050000,0,1,100,100,1,-0,100,0
296,lineage_gen_41,rep_040,25,100,234,25,1300000,0,1,100,100,2,0.998846,100,0
296,lineage_gen_41,rep_041,159,93,3,159,8000000,0,0,100,93,280,7.9415,100,0
296,lineage_gen_41,rep_042,159,94,0,159,8000000,0,0,100,94,248,7.33334,100,0
296,lineage_gen_41,rep_043,159,100,0,159,8000000,0,0,100,100,284,7.97357,100,0
296,lineage_gen_41,rep_044,116,100,428,116,5850000,0,1,100,100,2,0.997043,100,0
296,lineage_gen_41,rep_045,159,93,2,159,8000000,0,0,100,93,290,7.97528,100,0
296,lineage_gen_41,rep_046,159,96,3,159,8000000,0,0,100,96,256,7.09161,100,0
296,lineage_gen_41,rep_047,11,100,495,11,600000,0,1,100,100,1,-0,100,0
296,lineage_gen_41,rep_048,156,100,174,156,7850000,0,1,100,100,1,-0,100,0
296,lineage_gen_41,rep_049,100,100,98,100,5050000,0,1,100,100,263,7.85591,100,0
296,lineage_gen_41,rep_050,159,99,1,159,8000000,0,0,100,99,294,8.01968,100,0
296,lineage_gen_41,rep_051,45,100,60,45,2300000,0,1,100,100,1,-0,100,0
296,lineage_gen_41,rep_052,98,100,290,98,4950000,0,1,100,100,1,-0,100,0
296,lineage_gen_41,rep_053,131,100,378,131,6600000,0,1,100,100,1,-0,100,0
296,lineage_gen_41,rep_054,159,92,2,159,8000000,0,0,100,92,264,7.85361,100,0
296,lineage_gen_41,rep_055,159,95,0,159,8000000,0,0,100,95,278,7.91415,100,0
296,lineage_gen_41,rep_056,12,100,354,12,650000,0,1,100,100,1,-0,100,0
296,lineage_gen_41,rep_057,42,100,261,42,2150000,0,1,100,100,1,-0,100,0
296,lineage_gen_41,rep_058,107,100,443,107,5400000,0,1,100,100,1,-0,100,0
296,lineage_gen_41,rep_059,159,91,2,159,8000000,0,0,100,91,255,7.71513,100,0
296,lineage_gen_41,rep_060,159,95,3,159,8000000,0,0,100,95,268,7.88628,100,0
296,lineage_gen_41,rep_061,80,100,291,80,4050000,0,1,100,100,1,-0,100,0
296,lineage_gen_41,rep_062,32,100,96,32,1650000,0,1,100,100,1,-0,100,0
296,lineage_gen_41,rep_063,159,89,1,159,8000000,0,0,100,89,244,7.66817,100,0
296,lineage_gen_41,rep_064,159,93,3,159,8000000,0,0,100,93,285,7.9739,100,0
296,lineage_gen_41,rep_065,159,95,3,159,8000000,0,0,100,95,279,7.93599,100,0
296,lineage_gen_41,rep_066,159,91,0,159,8000000,0,0,100,91,269,7.84801,100,0
296,lineage_gen_41,rep_067,42,100,172,42,2150000,0,1,100,100,2,0.999988,100,0
296,lineage_gen_41,rep_068,159,85,0,159,8000000,0,0,100,85,273,7.87288,100,0
296,lineage_gen_41,rep_069,159,94,0,159,8000000,0,0,100,94,270,7.88295,100,0
296,lineage_gen_41,rep_070,68,100,369,68,3450000,0,1,100,100,1,-0,100,0
296,lineage_gen_41,rep_071,15,100,483,15,800000,0,1,100,100,1,-0,100,0
296,lineage_gen_41,rep_072,56,100,237,56,2850000,0,1,100,100,1,-0,100,0
296,lineage_gen_41,rep_073,92,100,173,92,4650000,0,1,100,100,3,1.58494,100,0
296,lineage_gen_41,rep_074,159,89,4,159,8000000,0,0,100,89,291,7.9919,100,0
296,lineage_gen_41,rep_075,159,93,0,159,8000000,0,0,100,93,266,7.86726,100,0
296,lineage_gen_41,rep_076,41,100,113,41,2100000,0,1,100,100,297,8.03364,100,0
296,lineage_gen_41,rep_077,31,100,271,31,1600000,0,1,100,100,1,-0,100,0
296,lineage_gen_41,rep_078,32,100,425,32,1650000,0,1,100,100,1,-0,100,0
296,lineage_gen_41,rep_079,159,93,0,159,8000000,0,0,100,93,280,7.93377,100,0
296,lineage_gen_41,rep_080,85,100,413,85,4300000,0,1,100,100,1,-0,100,0
296,lineage_gen_41,rep_081,108,100,132,108,5450000,0,1,100,100,1,-0,100,0
296,lineage_gen_41,rep_082,25,100,141,25,1300000,0,1,100,100,1,-0,100,0
296,lineage_gen_41,rep_083,159,88,6,159,8000000,0,0,100,88,284,7.95856,100,0
296,lineage_gen_41,rep_084,159,100,0,159,8000000,0,0,100,100,251,7.78961,100,0
296,lineage_gen_41,rep_085,159,95,0,159,8000000,0,0,100,95,267,7.88418,100,0
296,lineage_gen_41,rep_086,140,100,446,140,7050000,0,1,100,100,1,-0,100,0
296,lineage_gen_41,rep_087,42,100,498,42,2150000,0,1,100,100,1,-0,100,0
296,lineage_gen_41,rep_088,159,85,3,159,8000000,0,0,100,85,266,7.75171,100,0
296,lineage_gen_41,rep_089,10,100,25,10,550000,0,1,100,100,1,-0,100,0
296,lineage_gen_41,rep_090,9,100,228,9,500000,0,1,100,100,3,1.58323,100,0
296,lineage_gen_41,rep_091,159,93,1,159,8000000,0,0,100,93,280,7.91934,100,0
296,lineage_gen_41,rep_092,12,100,88,12,650000,0,1,100,100,1,-0,100,0
296,lineage_gen_41,rep_093,43,100,496,43,2200000,0,1,100,100,1,-0,100,0
296,lineage_gen_41,rep_094,159,92,27,159,8000000,0,0,100,92,269,7.84412,100,0
296,lineage_gen_41,rep_095,95,100,170,95,4800000,0,1,100,100,281,7.94538,100,0
296,lineage_gen_41,rep_096,68,100,124,68,3450000,0,1,100,100,1,-0,100,0
296,lineage_gen_41,rep_097,58,100,43,58,2950000,0,1,100,100,1,-0,100,0
296,lineage_gen_41,rep_098,53,100,25,53,2700000,0,1,100,100,1,-0,100,0
296,lineage_gen_41,rep_099,159,93,3,159,8000000,0,0,100,93,277,7.91652,100,0
296,lineage_gen_41,rep_100,78,100,60,78,3950000,0,1,100,100,1,-0,100,0
296,lineage_gen_42,rep_001,55,100,348,55,2800000,0,1,100,100,1,-0,100,0
296,lineage_gen_42,rep_002,60,100,338,60,3050000,0,1,100,100,1,-0,100,0
296,lineage_gen_42,rep_003,21,100,266,21,1100000,0,1,100,100,1,-0,100,0
296,lineage_gen_42,rep_004,158,96,0,158,7950000,0,0,100,96,268,7.84821,100,0
296,lineage_gen_42,rep_005,94,100,443,94,4750000,0,1,100,100,1,-0,100,0
296,lineage_gen_42,rep_006,39,100,56,39,2000000,0,1,100,100,1,-0,100,0
296,lineage_gen_42,rep_007,143,100,49,143,7200000,0,1,100,100,1,-0,100,0
296,lineage_gen_42,rep_008,158,99,0,158,7950000,0,0,100,99,261,7.83541,100,0
296,lineage_gen_42,rep_009,158,96,8,158,7950000,0,0,100,96,275,7.90359,100,0
296,lineage_gen_42,rep_010,37,100,482,37,1900000,0,1,100,100,1,-0,100,0
296,lineage_gen_42,rep_011,158,95,3,158,7950000,0,0,100,95,205,6.45933,100,0
296,lineage_gen_42,rep_012,41,100,188,41,2100000,0,1,100,100,5,2.31734,100,0
296,lineage_gen_42,rep_013,84,100,38,84,4250000,0,1,100,100,2,0.999434,100,0
296,lineage_gen_42,rep_014,89,100,107,89,4500000,0,1,100,100,1,-0,100,0
296,lineage_gen_42,rep_015,158,90,0,158,7950000,0,0,100,90,286,7.95668,100,0
296,lineage_gen_42,rep_016,139,100,158,139,7000000,0,1,100,100,1,-0,100,0
296,lineage_gen_42,rep_017,158,90,7,158,7950000,0,0,100,90,265,7.85755,100,0
296,lineage_gen_42,rep_018,95,100,77,95,4800000,0,1,100,100,1,-0,100,0
296,lineage_gen_42,rep_019,80,100,252,80,4050000,0,1,100,100,2,0.999954,100,0
296,lineage_gen_42,rep_020,158,93,20,158,7950000,0,0,100,93,272,7.86605,100,0
296,lineage_gen_42,rep_021,158,93,5,158,7950000,0,0,100,93,250,7.54391,100,0
296,lineage_gen_42,rep_022,33,100,26,33,1700000,0,1,100,100,1,-0,100,0
296,lineage_gen_42,rep_023,50,100,124,50,2550000,0,1,100,100,2,0.998846,100,0
296,lineage_gen_42,rep_024,80,100,324,80,4050000,0,1,100,100,1,-0,100,0
296,lineage_gen_42,rep_025,40,100,162,40,2050000,0,1,100,100,1,-0,100,0
296,lineage_gen_42,rep_026,158,96,1,158,7950000,0,0,100,96,264,7.80437,100,0
296,lineage_gen_42,rep_027,85,100,166,85,4300000,0,1,100,100,1,-0,100,0
296,lineage_gen_42,rep_028,34,100,101,34,1750000,0,1,100,100,1,-0,100,0
296,lineage_gen_42,rep_029,158,96,3,158,7950000,0,0,100,96,265,7.83566,100,0
296,lineage_gen_42,rep_030,158,93,19,158,7950000,0,0,100,93,245,7.40176,100,0
296,lineage_gen_42,rep_031,158,93,8,158,7950000,0,0,100,93,281,7.93808,100,0
296,lineage_gen_42,rep_032,158,95,4,158,7950000,0,0,100,95,285,7.97372,100,0
296,lineage_gen_42,rep_033,23,100,401,23,1200000,0,1,100,100,1,-0,100,0
296,lineage_gen_42,rep_034,158,93,1,158,7950000,0,0,100,93,294,8.00925,100,0
296,lineage_gen_42,rep_035,65,100,10,65,3300000,0,1,100,100,1,-0,100,0
296,lineage_gen_42,rep_036,47,100,202,47,2400000,0,1,100,100,1,-0,100,0
296,lineage_gen_42,rep_037,158,94,0,158,7950000,0,0,100,94,263,7.85439,100,0
296,lineage_gen_42,rep_038,158,99,0,158,7950000,0,0,100,99,271,7.87265,100,0
296,lineage_gen_42,rep_039,32,100,17,32,1650000,0,1,100,100,2,0.998337,100,0
296,lineage_gen_42,rep_040,45,100,422,45,2300000,0,1,100,100,2,0.999711,100,0
296,lineage_gen_42,rep_041,158,94,2,158,7950000,0,0,100,94,278,7.91985,100,0
296,lineage_gen_42,rep_042,158,99,1,158,7950000,0,0,100,99,280,7.94563,100,0
296,lineage_gen_42,rep_043,64,100,54,64,3250000,0,1,100,100,1,-0,100,0
296,lineage_gen_42,rep_044,158,94,0,158,7950000,0,0,100,94,269,7.84148,100,0
296,lineage_gen_42,rep_045,158,98,0,158,7950000,0,0,100,98,278,7.91472,100,0
296,lineage_gen_42,rep_046,158,97,1,158,7950000,0,0,100,97,261,7.78426,100,0
296,lineage_gen_42,rep_047,158,98,0,158,7950000,0,0,100,98,263,7.84877,100,0
296,lineage_gen_42,rep_048,158,93,2,158,7950000,0,0,100,93,281,7.93656,100,0
296,lineage_gen_42,rep_049,61,100,195,61,3100000,0,1,100,100,1,-0,100,0
296,lineage_gen_42,rep_050,76,100,305,76,3850000,0,1,100,100,1,-0,100,0
296,lineage_gen_42,rep_051,59,100,124,59,3000000,0,1,100,100,2,0.998846,100,0
296,lineage_gen_42,rep_052,146,100,467,146,7350000,0,1,100,100,1,-0,100,0
296,lineage_gen_42,rep_053,158,95,0,158,7950000,0,0,100,95,285,7.95699,100,0
296,lineage_gen_42,rep_054,107,100,452,107,5400000,0,1,100,100,1,-0,100,0
296,lineage_gen_42,rep_055,42,100,352,42,2150000,0,1,100,100,1,-0,100,0
296,lineage_gen_42,rep_056,72,100,34,72,3650000,0,1,100,100,274,7.91003,100,0
296,lineage_gen_42,rep_057,158,97,1,158,7950000,0,0,100,97,263,7.85643,100,0
296,lineage_gen_42,rep_058,158,96,9,158,7950000,0,0,100,96,234,7.54104,100,0
296,lineage_gen_42,rep_059,101,100,348,101,5100000,0,1,100,100,1,-0,100,0
296,lineage_gen_42,rep_060,43,100,370,43,2200000,0,1,100,100,1,-0,100,0
296,lineage_gen_42,rep_061,58,100,13,58,2950000,0,1,100,100,1,-0,100,0
296,lineage_gen_42,rep_062,45,100,262,45,2300000,0,1,100,100,1,-0,100,0
296,lineage_gen_42,rep_063,122,100,361,122,6150000,0,1,100,100,1,-0,100,0
296,lineage_gen_42,rep_064,152,100,483,152,7650000,0,1,100,100,1,-0,100,0
296,lineage_gen_42,rep_065,79,100,403,79,4000000,0,1,100,100,1,-0,100,0
296,lineage_gen_42,rep_066,158,94,0,158,7950000,0,0,100,94,276,7.93141,100,0
296,lineage_gen_42,rep_067,158,92,0,158,7950000,0,0,100,92,276,7.91023,100,0
296,lineage_gen_42,rep_068,158,90,2,158,7950000,0,0,100,90,270,7.85934,100,0
296,lineage_gen_42,rep_069,158,92,3,158,7950000,0,0,100,92,243,7.22848,100,0
296,lineage_gen_42,rep_070,86,100,46,86,4350000,0,1,100,100,4,1.9997,100,0
296,lineage_gen_42,rep_071,75,100,247,75,3800000,0,1,100,100,287,8.00997,100,0
296,lineage_gen_42,rep_072,158,99,0,158,7950000,0,0,100,99,281,7.94905,100,0
296,lineage_gen_42,rep_073,158,91,7,158,7950000,0,0,100,91,288,7.98859,100,0
296,lineage_gen_42,rep_074,158,95,1,158,7950000,0,0,100,95,277,7.90732,100,0
296,lineage_gen_42,rep_075,63,100,129,63,3200000,0,1,100,100,1,-0,100,0
296,lineage_gen_42,rep_076,46,100,234,46,2350000,0,1,100,100,1,-0,100,0
296,lineage_gen_42,rep_077,92,100,99,92,4650000,0,1,100,100,1,-0,100,0
296,lineage_gen_42,rep_078,158,95,9,158,7950000,0,0,100,95,269,7.89626,100,0
296,lineage_gen_42,rep_079,131,100,0,131,6600000,0,1,100,100,1,-0,100,0
296,lineage_gen_42,rep_080,158,99,1,158,7950000,0,0,100,99,274,7.89086,100,0
296,lineage_gen_42,rep_081,92,100,200,92,4650000,0,1,100,100,289,7.99915,100,0
296,lineage_gen_42,rep_082,158,100,0,158,7950000,0,0,100,100,265,7.83146,100,0
296,lineage_gen_42,rep_083,48,100,235,48,2450000,0,1,100,100,1,-0,100,0
296,lineage_gen_42,rep_084,133,100,90,133,6700000,0,1,100,100,273,7.8818,100,0
296,lineage_gen_42,rep_085,158,91,0,158,7950000,0,0,100,91,272,7.87604,100,0
296,lineage_gen_42,rep_086,93,100,402,93,4700000,0,1,100,100,1,-0,100,0
296,lineage_gen_42,rep_087,15,100,109,15,800000,0,1,100,100,1,-0,100,0
296,lineage_gen_42,rep_088,158,94,2,158,7950000,0,0,100,94,280,7.92813,100,0
296,lineage_gen_42,rep_089,158,94,1,158,7950000,0,0,100,94,262,7.83415,100,0
296,lineage_gen_42,rep_090,14,100,198,14,750000,0,1,100,100,1,-0,100,0
296,lineage_gen_42,rep_091,158,93,5,158,7950000,0,0,100,93,285,7.97974,100,0
296,lineage_gen_42,rep_092,158,94,16,158,7950000,0,0,100,94,277,7.92846,100,0
296,lineage_gen_42,rep_093,158,96,12,158,7950000,0,0,100,96,258,7.71476,100,0
296,lineage_gen_42,rep_094,158,92,5,158,7950000,0,0,100,92,266,7.85163,100,0
296,lineage_gen_42,rep_095,158,93,0,158,7950000,0,0,100,93,296,8.03475,100,0
296,lineage_gen_42,rep_096,158,93,0,158,7950000,0,0,100,93,295,8.02348,100,0
296,lineage_gen_42,rep_097,158,93,0,158,7950000,0,0,100,93,272,7.92512,100,0
296,lineage_gen_42,rep_098,31,100,254,31,1600000,0,1,100,100,3,1.58239,100,0
296,lineage_gen_42,rep_099,26,100,226,26,1350000,0,1,100,100,2,0.999815,100,0
296,lineage_gen_42,rep_100,111,100,288,111,5600000,0,1,100,100,1,-0,100,0
296,lineage_gen_43,rep_001,157,95,0,157,7900000,0,0,100,95,293,8.02972,100,0
296,lineage_gen_43,rep_002,48,100,300,48,2450000,0,1,100,100,2,0.999584,100,0
296,lineage_gen_43,rep_003,157,94,2,157,7900000,0,0,100,94,269,7.89843,100,0
296,lineage_gen_43,rep_004,157,93,0,157,7900000,0,0,100,93,284,7.96386,100,0
296,lineage_gen_43,rep_005,30,100,226,30,1550000,0,1,100,100,1,-0,100,0
296,lineage_gen_43,rep_006,54,100,420,54,2750000,0,1,100,100,1,-0,100,0
296,lineage_gen_43,rep_007,51,100,114,51,2600000,0,1,100,100,5,2.32023,100,0
296,lineage_gen_43,rep_008,137,100,388,137,6900000,0,1,100,100,1,-0,100,0
296,lineage_gen_43,rep_009,157,95,1,157,7900000,0,0,100,95,278,7.91257,100,0
296,lineage_gen_43,rep_010,130,100,196,130,6550000,0,1,100,100,1,-0,100,0
296,lineage_gen_43,rep_011,70,100,112,70,3550000,0,1,100,100,1,-0,100,0
296,lineage_gen_43,rep_012,157,99,1,157,7900000,0,0,100,99,290,8.01548,100,0
296,lineage_gen_43,rep_013,157,92,3,157,7900000,0,0,100,92,280,7.91999,100,0
296,lineage_gen_43,rep_014,86,100,274,86,4350000,0,1,100,100,1,-0,100,0
296,lineage_gen_43,rep_015,19,100,280,19,1000000,0,1,100,100,1,-0,100,0
296,lineage_gen_43,rep_016,18,100,239,18,950000,0,1,100,100,1,-0,100,0
296,lineage_gen_43,rep_017,21,100,340,21,1100000,0,1,100,100,1,-0,100,0
296,lineage_gen_43,rep_018,44,100,412,44,2250000,0,1,100,100,1,-0,100,0
296,lineage_gen_43,rep_019,154,100,91,154,7750000,0,1,100,100,1,-0,100,0
296,lineage_gen_43,rep_020,157,93,3,157,7900000,0,0,100,93,276,7.87744,100,0
296,lineage_gen_43,rep_021,37,100,492,37,1900000,0,1,100,100,1,-0,100,0
296,lineage_gen_43,rep_022,109,100,128,109,5500000,0,1,100,100,1,-0,100,0
296,lineage_gen_43,rep_023,157,95,0,157,7900000,0,0,100,95,284,7.96807,100,0
296,lineage_gen_43,rep_024,42,100,491,42,2150000,0,1,100,100,1,-0,100,0
296,lineage_gen_43,rep_025,157,93,0,157,7900000,0,0,100,93,269,7.89639,100,0
296,lineage_gen_43,rep_026,157,91,0,157,7900000,0,0,100,91,268,7.8641,100,0
296,lineage_gen_43,rep_027,157,93,4,157,7900000,0,0,100,93,252,7.19558,100,0
296,lineage_gen_43,rep_028,101,100,309,101,5100000,0,1,100,100,2,0.999584,100,0
296,lineage_gen_43,rep_029,21,100,441,21,1100000,0,1,100,100,1,-0,100,0
296,lineage_gen_43,rep_030,6,100,202,6,350000,0,1,100,100,2,0.999261,100,0
296,lineage_gen_43,rep_031,157,92,16,157,7900000,0,0,100,92,277,7.90897,100,0
296,lineage_gen_43,rep_032,48,100,192,48,2450000,0,1,100,100,3,1.58409,100,0
296,lineage_gen_43,rep_033,22,100,388,22,1150000,0,1,100,100,1,-0,100,0
296,lineage_gen_43,rep_034,41,100,126,41,2100000,0,1,100,100,1,-0,100,0
296,lineage_gen_43,rep_035,36,100,464,36,1850000,0,1,100,100,1,-0,100,0
296,lineage_gen_43,rep_036,157,87,0,157,7900000,0,0,100,87,280,7.95254,100,0
296,lineage_gen_43,rep_037,157,93,4,157,7900000,0,0,100,93,274,7.91692,100,0
296,lineage_gen_43,rep_038,157,96,6,157,7900000,0,0,100,96,269,7.88672,100,0
296,lineage_gen_43,rep_039,96,100,215,96,4850000,0,1,100,100,1,-0,100,0
296,lineage_gen_43,rep_040,54,100,9,54,2750000,0,1,100,100,2,0.999896,100,0
296,lineage_gen_43,rep_041,157,100,2,157,7900000,0,0,100,100,274,7.90905,100,0
296,lineage_gen_43,rep_042,64,100,54,64,3250000,0,1,100,100,1,-0,100,0
296,lineage_gen_43,rep_043,85,100,158,85,4300000,0,1,100,100,2,0.999988,100,0
296,lineage_gen_43,rep_044,157,99,2,157,7900000,0,0,100,99,279,7.90379,100,0
296,lineage_gen_43,rep_045,157,98,2,157,7900000,0,0,100,98,268,7.88766,100,0
296,lineage_gen_43,rep_046,74,100,131,74,3750000,0,1,100,100,1,-0,100,0
296,lineage_gen_43,rep_047,27,100,41,27,1400000,0,1,100,100,1,-0,100,0
296,lineage_gen_43,rep_048,21,100,128,21,1100000,0,1,100,100,2,0.999434,100,0
296,lineage_gen_43,rep_049,36,100,339,36,1850000,0,1,100,100,1,-0,100,0
296,lineage_gen_43,rep_050,48,100,41,48,2450000,0,1,100,100,2,0.999434,100,0
296,lineage_gen_43,rep_051,88,100,80,88,4450000,0,1,100,100,3,1.58419,100,0
296,lineage_gen_43,rep_052,157,95,6,157,7900000,0,0,100,95,277,7.90417,100,0
296,lineage_gen_43,rep_053,11,100,67,11,600000,0,1,100,100,5,2.31477,100,0
296,lineage_gen_43,rep_054,21,100,380,21,1100000,0,1,100,100,1,-0,100,0
296,lineage_gen_43,rep_055,65,100,15,65,3300000,0,1,100,100,1,-0,100,0
296,lineage_gen_43,rep_056,157,93,1,157,7900000,0,0,100,93,285,7.99332,100,0
296,lineage_gen_43,rep_057,157,95,1,157,7900000,0,0,100,95,278,7.92845,100,0
296,lineage_gen_43,rep_058,157,100,1,157,7900000,0,0,100,100,269,7.88472,100,0
296,lineage_gen_43,rep_059,43,100,125,43,2200000,0,1,100,100,2,0.999261,100,0
296,lineage_gen_43,rep_060,27,100,257,27,1400000,0,1,100,100,1,-0,100,0
296,lineage_gen_43,rep_061,126,100,112,126,6350000,0,1,100,100,1,-0,100,0
296,lineage_gen_43,rep_062,157,94,2,157,7900000,0,0,100,94,241,7.23024,100,0
296,lineage_gen_43,rep_063,157,87,1,157,7900000,0,0,100,87,284,7.96075,100,0
296,lineage_gen_43,rep_064,105,100,117,105,5300000,0,1,100,100,281,7.94681,100,0
296,lineage_gen_43,rep_065,157,93,0,157,7900000,0,0,100,93,247,7.22249,100,0
296,lineage_gen_43,rep_066,12,100,86,12,650000,0,1,100,100,4,1.99282,100,0
296,lineage_gen_43,rep_067,81,100,353,81,4100000,0,1,100,100,1,-0,100,0
296,lineage_gen_43,rep_068,40,100,146,40,2050000,0,1,100,100,1,-0,100,0
296,lineage_gen_43,rep_069,25,100,239,25,1300000,0,1,100,100,1,-0,100,0
296,lineage_gen_43,rep_070,24,100,6,24,1250000,0,1,100,100,12,3.55894,100,0
296,lineage_gen_43,rep_071,101,100,394,101,5100000,0,1,100,100,1,-0,100,0
296,lineage_gen_43,rep_072,157,99,0,157,7900000,0,0,100,99,287,7.98018,100,0
296,lineage_gen_43,rep_073,39,100,58,39,2000000,0,1,100,100,2,0.998846,100,0
296,lineage_gen_43,rep_074,157,94,0,157,7900000,0,0,100,94,276,7.93199,100,0
296,lineage_gen_43,rep_075,105,100,205,105,5300000,0,1,100,100,1,-0,100,0
296,lineage_gen_43,rep_076,36,100,116,36,1850000,0,1,100,100,2,0.98888,100,0
296,lineage_gen_43,rep_077,157,95,0,157,7900000,0,0,100,95,271,7.90635,100,0
296,lineage_gen_43,rep_078,157,96,11,157,7900000,0,0,100,96,274,7.89795,100,0
296,lineage_gen_43,rep_079,63,100,419,63,3200000,0,1,100,100,1,-0,100,0
296,lineage_gen_43,rep_080,23,100,244,23,1200000,0,1,100,100,1,-0,100,0
296,lineage_gen_43,rep_081,157,99,1,157,7900000,0,0,100,99,265,7.86248,100,0
296,lineage_gen_43,rep_082,140,100,446,140,7050000,0,1,100,100,1,-0,100,0
296,lineage_gen_43,rep_083,44,100,163,44,2250000,0,1,100,100,2,0.999065,100,0
296,lineage_gen_43,rep_084,93,100,402,93,4700000,0,1,100,100,1,-0,100,0
296,lineage_gen_43,rep_085,157,98,0,157,7900000,0,0,100,98,274,7.91594,100,0
296,lineage_gen_43,rep_086,157,87,0,157,7900000,0,0,100,87,292,8.00656,100,0
296,lineage_gen_43,rep_087,157,97,0,157,7900000,0,0,100,97,272,7.88284,100,0
296,lineage_gen_43,rep_088,157,95,6,157,7900000,0,0,100,95,259,7.8102,100,0
296,lineage_gen_43,rep_089,157,92,0,157,7900000,0,0,100,92,288,7.99392,100,0
296,lineage_gen_43,rep_090,13,100,306,13,700000,0,1,100,100,1,-0,100,0
296,lineage_gen_43,rep_091,82,100,307,82,4150000,0,1,100,100,1,-0,100,0
296,lineage_gen_43,rep_092,157,95,0,157,7900000,0,0,100,95,270,7.89554,100,0
296,lineage_gen_43,rep_093,99,100,194,99,5000000,0,1,100,100,2,0.997402,100,0
296,lineage_gen_43,rep_094,100,100,27,100,5050000,0,1,100,100,2,0.999954,100,0
296,lineage_gen_43,rep_095,157,99,0,157,7900000,0,0,100,99,289,7.97921,100,0
296,lineage_gen_43,rep_096,79,100,296,79,4000000,0,1,100,100,1,-0,100,0
296,lineage_gen_43,rep_097,21,100,155,21,1100000,0,1,100,100,1,-0,100,0
296,lineage_gen_43,rep_098,157,95,0,157,7900000,0,0,100,95,253,7.64214,100,0
296,lineage_gen_43,rep_099,157,93,2,157,7900000,0,0,100,93,280,7.94328,100,0
296,lineage_gen_43,rep_100,157,93,0,157,7900000,0,0,100,93,280,7.91761,100,0
296,lineage_gen_44,rep_001,32,100,57,32,1650000,0,1,100,100,2,0.999815,100,0
296,lineage_gen_44,rep_002,138,100,250,138,6950000,0,1,100,100,1,-0,100,0
296,lineage_gen_44,rep_003,156,92,2,156,7850000,0,0,100,92,272,7.89488,100,0
296,lineage_gen_44,rep_004,41,100,163,41,2100000,0,1,100,100,1,-0,100,0
296,lineage_gen_44,rep_005,27,100,324,27,1400000,0,1,100,100,1,-0,100,0
296,lineage_gen_44,rep_006,28,100,146,28,1450000,0,1,100,100,1,-0,100,0
296,lineage_gen_44,rep_007,117,100,275,117,5900000,0,1,100,100,286,7.98125,100,0
296,lineage_gen_44,rep_008,156,94,0,156,7850000,0,0,100,94,264,7.85581,100,0
296,lineage_gen_44,rep_009,33,100,111,33,1700000,0,1,100,100,1,-0,100,0
296,lineage_gen_44,rep_010,156,95,4,156,7850000,0,0,100,95,284,7.95987,100,0
296,lineage_gen_44,rep_011,156,96,4,156,7850000,0,0,100,96,282,7.9585,100,0
296,lineage_gen_44,rep_012,156,100,0,156,7850000,0,0,100,100,242,7.73068,100,0
296,lineage_gen_44,rep_013,105,100,20,105,5300000,0,1,100,100,1,-0,100,0
296,lineage_gen_44,rep_014,63,100,406,63,3200000,0,1,100,100,1,-0,100,0
296,lineage_gen_44,rep_015,156,95,0,156,7850000,0,0,100,95,276,7.92243,100,0
296,lineage_gen_44,rep_016,44,100,206,44,2250000,0,1,100,100,1,-0,100,0
296,lineage_gen_44,rep_017,21,100,111,21,1100000,0,1,100,100,1,-0,100,0
296,lineage_gen_44,rep_018,115,100,93,115,5800000,0,1,100,100,1,-0,100,0
296,lineage_gen_44,rep_019,136,100,357,136,6850000,0,1,100,100,1,-0,100,0
296,lineage_gen_44,rep_020,156,96,11,156,7850000,0,0,100,96,288,7.96295,100,0
296,lineage_gen_44,rep_021,33,100,26,33,1700000,0,1,100,100,1,-0,100,0
296,lineage_gen_44,rep_022,31,100,413,31,1600000,0,1,100,100,1,-0,100,0
296,lineage_gen_44,rep_023,25,100,254,25,1300000,0,1,100,100,1,-0,100,0
296,lineage_gen_44,rep_024,117,100,55,117,5900000,0,1,100,100,3,1.58153,100,0
296,lineage_gen_44,rep_025,99,100,48,99,5000000,0,1,100,100,36,5.10884,100,0
296,lineage_gen_44,rep_026,76,100,157,76,3850000,0,1,100,100,1,-0,100,0
296,lineage_gen_44,rep_027,156,95,9,156,7850000,0,0,100,95,265,7.80599,100,0
296,lineage_gen_44,rep_028,63,100,494,63,3200000,0,1,100,100,1,-0,100,0
296,lineage_gen_44,rep_029,156,89,2,156,7850000,0,0,100,89,280,7.92672,100,0
296,lineage_gen_44,rep_030,156,93,0,156,7850000,0,0,100,93,268,7.86831,100,0
296,lineage_gen_44,rep_031,81,100,12,81,4100000,0,1,100,100,1,-0,100,0
296,lineage_gen_44,rep_032,156,92,2,156,7850000,0,0,100,92,283,7.9493,100,0
296,lineage_gen_44,rep_033,147,100,35,147,7400000,0,1,100,100,1,-0,100,0
296,lineage_gen_44,rep_034,144,100,121,144,7250000,0,1,100,100,1,-0,100,0
296,lineage_gen_44,rep_035,39,100,218,39,2000000,0,1,100,100,2,0.995378,100,0
296,lineage_gen_44,rep_036,30,100,281,30,1550000,0,1,100,100,1,-0,100,0
296,lineage_gen_44,rep_037,82,100,202,82,4150000,0,1,100,100,1,-0,100,0
296,lineage_gen_44,rep_038,94,100,168,94,4750000,0,1,100,100,1,-0,100,0
296,lineage_gen_44,rep_039,101,100,403,101,5100000,0,1,100,100,1,-0,100,0
296,lineage_gen_44,rep_040,75,100,430,75,3800000,0,1,100,100,1,-0,100,0
296,lineage_gen_44,rep_041,156,91,21,156,7850000,0,0,100,91,262,7.76372,100,0
296,lineage_gen_44,rep_042,156,94,1,156,7850000,0,0,100,94,272,7.88726,100,0
296,lineage_gen_44,rep_043,156,99,1,156,7850000,0,0,100,99,269,7.88726,100,0
296,lineage_gen_44,rep_044,61,100,38,61,3100000,0,1,100,100,1,-0,100,0
296,lineage_gen_44,rep_045,143,100,286,143,7200000,0,1,100,100,1,-0,100,0
296,lineage_gen_44,rep_046,40,100,180,40,2050000,0,1,100,100,1,-0,100,0
296,lineage_gen_44,rep_047,42,100,246,42,2150000,0,1,100,100,1,-0,100,0
296,lineage_gen_44,rep_048,25,100,25,25,1300000,0,1,100,100,1,-0,100,0
296,lineage_gen_44,rep_049,156,93,0,156,7850000,0,0,100,93,259,7.80079,100,0
296,lineage_gen_44,rep_050,156,92,3,156,7850000,0,0,100,92,270,7.86036,100,0
296,lineage_gen_44,rep_051,48,100,95,48,2450000,0,1,100,100,1,-0,100,0
296,lineage_gen_44,rep_052,39,100,425,39,2000000,0,1,100,100,1,-0,100,0
296,lineage_gen_44,rep_053,79,100,109,79,4000000,0,1,100,100,1,-0,100,0
296,lineage_gen_44,rep_054,156,88,21,156,7850000,0,0,100,88,295,8.02851,100,0
296,lineage_gen_44,rep_055,156,90,5,156,7850000,0,0,100,90,283,7.95689,100,0
296,lineage_gen_44,rep_056,156,100,1,156,7850000,0,0,100,100,278,7.95015,100,0
296,lineage_gen_44,rep_057,156,100,0,156,7850000,0,0,100,100,293,8.01201,100,0
296,lineage_gen_44,rep_058,40,100,243,40,2050000,0,1,100,100,265,7.87403,100,0
296,lineage_gen_44,rep_059,54,100,355,54,2750000,0,1,100,100,1,-0,100,0
296,lineage_gen_44,rep_060,25,100,209,25,1300000,0,1,100,100,1,-0,100,0
296,lineage_gen_44,rep_061,64,100,159,64,3250000,0,1,100,100,1,-0,100,0
296,lineage_gen_44,rep_062,156,90,1,156,7850000,0,0,100,90,290,7.98821,100,0
296,lineage_gen_44,rep_063,156,94,6,156,7850000,0,0,100,94,276,7.89994,100,0
296,lineage_gen_44,rep_064,156,99,3,156,7850000,0,0,100,99,256,7.80097,100,0
296,lineage_gen_44,rep_065,156,93,2,156,7850000,0,0,100,93,294,8.02517,100,0
296,lineage_gen_44,rep_066,86,100,24,86,4350000,0,1,100,100,1,-0,100,0
296,lineage_gen_44,rep_067,156,100,0,156,7850000,0,0,100,100,270,7.88701,100,0
296,lineage_gen_44,rep_068,16,100,18,16,850000,0,1,100,100,1,-0,100,0
296,lineage_gen_44,rep_069,49,100,380,49,2500000,0,1,100,100,1,-0,100,0
296,lineage_gen_44,rep_070,156,95,11,156,7850000,0,0,100,95,276,7.88356,100,0
296,lineage_gen_44,rep_071,101,100,30,101,5100000,0,1,100,100,5,2.31872,100,0
296,lineage_gen_44,rep_072,106,100,175,106,5350000,0,1,100,100,1,-0,100,0
296,lineage_gen_44,rep_073,154,100,288,154,7750000,0,1,100,100,1,-0,100,0
296,lineage_gen_44,rep_074,131,100,298,131,6600000,0,1,100,100,1,-0,100,0
296,lineage_gen_44,rep_075,86,100,168,86,4350000,0,1,100,100,1,-0,100,0
296,lineage_gen_44,rep_076,156,95,0,156,7850000,0,0,100,95,290,7.9943,100,0
296,lineage_gen_44,rep_077,156,92,0,156,7850000,0,0,100,92,272,7.88203,100,0
296,lineage_gen_44,rep_078,52,100,414,52,2650000,0,1,100,100,1,-0,100,0
296,lineage_gen_44,rep_079,156,93,0,156,7850000,0,0,100,93,280,7.9377,100,0
296,lineage_gen_44,rep_080,31,100,459,31,1600000,0,1,100,100,1,-0,100,0
296,lineage_gen_44,rep_081,156,100,0,156,7850000,0,0,100,100,262,7.84848,100,0
296,lineage_gen_44,rep_082,78,100,126,78,3950000,0,1,100,100,1,-0,100,0
296,lineage_gen_44,rep_083,116,100,433,116,5850000,0,1,100,100,248,7.7618,100,0
296,lineage_gen_44,rep_084,156,94,0,156,7850000,0,0,100,94,274,7.88162,100,0
296,lineage_gen_44,rep_085,156,91,4,156,7850000,0,0,100,91,260,7.81931,100,0
296,lineage_gen_44,rep_086,156,95,2,156,7850000,0,0,100,95,258,7.79932,100,0
296,lineage_gen_44,rep_087,49,100,402,49,2500000,0,1,100,100,2,0.998049,100,0
296,lineage_gen_44,rep_088,61,100,352,61,3100000,0,1,100,100,1,-0,100,0
296,lineage_gen_44,rep_089,65,100,194,65,3300000,0,1,100,100,1,-0,100,0
296,lineage_gen_44,rep_090,88,100,229,88,4450000,0,1,100,100,1,-0,100,0
296,lineage_gen_44,rep_091,21,100,285,21,1100000,0,1,100,100,1,-0,100,0
296,lineage_gen_44,rep_092,79,100,30,79,4000000,0,1,100,100,1,-0,100,0
296,lineage_gen_44,rep_093,33,100,395,33,1700000,0,1,100,100,1,-0,100,0
296,lineage_gen_44,rep_094,156,92,4,156,7850000,0,0,100,92,260,7.81132,100,0
296,lineage_gen_44,rep_095,156,93,0,156,7850000,0,0,100,93,279,7.92423,100,0
296,lineage_gen_44,rep_096,25,100,109,25,1300000,0,1,100,100,1,-0,100,0
296,lineage_gen_44,rep_097,156,94,17,156,7850000,0,0,100,94,272,7.88023,100,0
296,lineage_gen_44,rep_098,156,92,1,156,7850000,0,0,100,92,284,7.96768,100,0
296,lineage_gen_44,rep_099,156,96,6,156,7850000,0,0,100,96,269,7.87144,100,0
296,lineage_gen_44,rep_100,156,93,1,156,7850000,0,0,100,93,284,7.96458,100,0
